RowName,DisplayName,GameplayTag
Buildable,"NSLOCTEXT(""Buildable"", ""Buildable"", ""Buildable"")","(TagName=""Buildable"")"
Buildable.Framework,"NSLOCTEXT(""Buildable"", ""Buildable.Framework"", ""Buildable Framework"")","(TagName=""Buildable.Framework"")"
Buildable.Framework.Topology,"NSLOCTEXT(""Buildable_Framework"", ""Buildable.Framework.Topology"", ""Buildable Framework Topology"")","(TagName=""Buildable.Framework.Topology"")"
Buildable.Framework.Topology.Line,"NSLOCTEXT(""Buildable_Framework_Topology"", ""Buildable.Framework.Topology.Line"", ""Framework Topology Line"")","(TagName=""Buildable.Framework.Topology.Line"")"
Buildable.Framework.Topology.Loop,"NSLOCTEXT(""Buildable_Framework_Topology"", ""Buildable.Framework.Topology.Loop"", ""Framework Topology Loop"")","(TagName=""Buildable.Framework.Topology.Loop"")"
Buildable.Framework.Topology.Polygon,"NSLOCTEXT(""Buildable_Framework_Topology"", ""Buildable.Framework.Topology.Polygon"", ""Framework Topology Polygon"")","(TagName=""Buildable.Framework.Topology.Polygon"")"
Buildable.Framework.Topology.Point,"NSLOCTEXT(""Buildable_Framework_Topology"", ""Buildable.Framework.Topology.Point"", ""Framework Topology Point"")","(TagName=""Buildable.Framework.Topology.Point"")"
Buildable.Framework.Placement,"NSLOCTEXT(""Buildable_Framework"", ""Buildable.Framework.Placement"", ""Buildable Framework Placement"")","(TagName=""Buildable.Framework.Placement"")"
Buildable.Framework.Placement.Internal,"NSLOCTEXT(""Buildable_Framework_Placement"", ""Buildable.Framework.Placement.Internal"", ""Framework Placement Internal"")","(TagName=""Buildable.Framework.Placement.Internal"")"
Buildable.Framework.Placement.Waypoint,"NSLOCTEXT(""Buildable_Framework_Placement"", ""Buildable.Framework.Placement.Waypoint"", ""Framework Placement Waypoint"")","(TagName=""Buildable.Framework.Placement.Waypoint"")"
Buildable.Framework.Placement.Midstation,"NSLOCTEXT(""Buildable_Framework_Placement"", ""Buildable.Framework.Placement.Midstation"", ""Framework Placement Midstation"")","(TagName=""Buildable.Framework.Placement.Midstation"")"
Buildable.Framework.Placement.Terminus,"NSLOCTEXT(""Buildable_Framework_Placement"", ""Buildable.Framework.Placement.Terminus"", ""Framework Placement Terminus"")","(TagName=""Buildable.Framework.Placement.Terminus"")"
Buildable.Aspect,"NSLOCTEXT(""Buildable"", ""Buildable.Aspect"", ""Buildable Aspect"")","(TagName=""Buildable.Aspect"")"
Buildable.Aspect.Submesh,"NSLOCTEXT(""Buildable_Aspect"", ""Buildable.Aspect.Submesh"", ""Buildable Aspect Submesh"")","(TagName=""Buildable.Aspect.Submesh"")"
Buildable.Aspect.Submesh.Cable,"NSLOCTEXT(""Buildable_Aspect_Submesh"", ""Buildable.Aspect.Submesh.Cable"", ""Aspect Submesh Cable"")","(TagName=""Buildable.Aspect.Submesh.Cable"")"
Buildable.Aspect.Submesh.Cable.Clockwise,"NSLOCTEXT(""Buildable_Aspect_Submesh"", ""Buildable.Aspect.Submesh.Cable.Clockwise"", ""Submesh Cable Clockwise"")","(TagName=""Buildable.Aspect.Submesh.Cable.Clockwise"")"
Buildable.Aspect.Submesh.Cable.Widdershins,"NSLOCTEXT(""Buildable_Aspect_Submesh"", ""Buildable.Aspect.Submesh.Cable.Widdershins"", ""Submesh Cable Widdershins"")","(TagName=""Buildable.Aspect.Submesh.Cable.Widdershins"")"
Buildable.Aspect.Submesh.Pulley,"NSLOCTEXT(""Buildable_Aspect_Submesh"", ""Buildable.Aspect.Submesh.Pulley"", ""Aspect Submesh Pulley"")","(TagName=""Buildable.Aspect.Submesh.Pulley"")"
Buildable.Aspect.Submesh.Pulley.Liftcable,"NSLOCTEXT(""Buildable_Aspect_Submesh"", ""Buildable.Aspect.Submesh.Pulley.Liftcable"", ""Submesh Pulley Liftcable"")","(TagName=""Buildable.Aspect.Submesh.Pulley.Liftcable"")"
Buildable.Aspect.Submesh.SurfaceSpline,"NSLOCTEXT(""Buildable_Aspect_Submesh"", ""Buildable.Aspect.Submesh.SurfaceSpline"", ""Aspect Submesh SurfaceSpline"")","(TagName=""Buildable.Aspect.Submesh.SurfaceSpline"")"
Buildable.Aspect.MassEntity,"NSLOCTEXT(""Buildable_Aspect"", ""Buildable.Aspect.MassEntity"", ""Buildable Aspect MassEntity"")","(TagName=""Buildable.Aspect.MassEntity"")"
Buildable.Aspect.MassEntity.Spline,"NSLOCTEXT(""Buildable_Aspect_MassEntity"", ""Buildable.Aspect.MassEntity.Spline"", ""Aspect MassEntity Spline"")","(TagName=""Buildable.Aspect.MassEntity.Spline"")"
Buildable.Aspect.MassEntity.Spline.SkiChair,"NSLOCTEXT(""Buildable_Aspect_MassEntity"", ""Buildable.Aspect.MassEntity.Spline.SkiChair"", ""MassEntity Spline SkiChair"")","(TagName=""Buildable.Aspect.MassEntity.Spline.SkiChair"")"
Buildable.Aspect.MassEntity.Spline.Gondola,"NSLOCTEXT(""Buildable_Aspect_MassEntity"", ""Buildable.Aspect.MassEntity.Spline.Gondola"", ""MassEntity Spline Gondola"")","(TagName=""Buildable.Aspect.MassEntity.Spline.Gondola"")"
Buildable.Aspect.MassEntity.TransformSet,"NSLOCTEXT(""Buildable_Aspect_MassEntity"", ""Buildable.Aspect.MassEntity.TransformSet"", ""Aspect MassEntity TransformSet"")","(TagName=""Buildable.Aspect.MassEntity.TransformSet"")"
Buildable.Aspect.MassEntity.Supplier,"NSLOCTEXT(""Buildable_Aspect_MassEntity"", ""Buildable.Aspect.MassEntity.Supplier"", ""Aspect MassEntity Supplier"")","(TagName=""Buildable.Aspect.MassEntity.Supplier"")"
Buildable.Aspect.MassEntity.ScalarFieldEmitter,"NSLOCTEXT(""Buildable_Aspect_MassEntity"", ""Buildable.Aspect.MassEntity.ScalarFieldEmitter"", ""Aspect MassEntity ScalarFieldEmitter"")","(TagName=""Buildable.Aspect.MassEntity.ScalarFieldEmitter"")"
Buildable.Aspect.NoMesh,"NSLOCTEXT(""Buildable_Aspect"", ""Buildable.Aspect.NoMesh"", ""Buildable Aspect NoMesh"")","(TagName=""Buildable.Aspect.NoMesh"")"
Buildable.Domain,"NSLOCTEXT(""Buildable"", ""Buildable.Domain"", ""Buildable Domain"")","(TagName=""Buildable.Domain"")"
Buildable.Domain.Transport,"NSLOCTEXT(""Buildable_Domain"", ""Buildable.Domain.Transport"", ""Buildable Domain Transport"")","(TagName=""Buildable.Domain.Transport"")"
Buildable.Domain.Transport.Vehicle,"NSLOCTEXT(""Buildable_Domain_Transport"", ""Buildable.Domain.Transport.Vehicle"", ""Domain Transport Vehicle"")","(TagName=""Buildable.Domain.Transport.Vehicle"")"
Buildable.Domain.Transport.Vehicle.CabinType,"NSLOCTEXT(""Buildable_Domain_Transport"", ""Buildable.Domain.Transport.Vehicle.CabinType"", ""Transport Vehicle CabinType"")","(TagName=""Buildable.Domain.Transport.Vehicle.CabinType"")"
Buildable.Domain.Transport.Vehicle.CabinType.Gondola,"NSLOCTEXT(""Buildable_Domain_Transport"", ""Buildable.Domain.Transport.Vehicle.CabinType.Gondola"", ""Vehicle CabinType Gondola"")","(TagName=""Buildable.Domain.Transport.Vehicle.CabinType.Gondola"")"
Buildable.Domain.Transport.Vehicle.CabinType.SkiChair,"NSLOCTEXT(""Buildable_Domain_Transport"", ""Buildable.Domain.Transport.Vehicle.CabinType.SkiChair"", ""Vehicle CabinType SkiChair"")","(TagName=""Buildable.Domain.Transport.Vehicle.CabinType.SkiChair"")"
Buildable.Domain.Transport.Vehicle.CabinEnclosure,"NSLOCTEXT(""Buildable_Domain_Transport"", ""Buildable.Domain.Transport.Vehicle.CabinEnclosure"", ""Transport Vehicle CabinEnclosure"")","(TagName=""Buildable.Domain.Transport.Vehicle.CabinEnclosure"")"
Buildable.Domain.Transport.Vehicle.CabinEnclosure.Enclosed,"NSLOCTEXT(""Buildable_Domain_Transport"", ""Buildable.Domain.Transport.Vehicle.CabinEnclosure.Enclosed"", ""Vehicle CabinEnclosure Enclosed"")","(TagName=""Buildable.Domain.Transport.Vehicle.CabinEnclosure.Enclosed"")"
Buildable.Domain.Transport.Vehicle.CabinEnclosure.Open,"NSLOCTEXT(""Buildable_Domain_Transport"", ""Buildable.Domain.Transport.Vehicle.CabinEnclosure.Open"", ""Vehicle CabinEnclosure Open"")","(TagName=""Buildable.Domain.Transport.Vehicle.CabinEnclosure.Open"")"
Buildable.Domain.Transport.Vehicle.Capacity,"NSLOCTEXT(""Buildable_Domain_Transport"", ""Buildable.Domain.Transport.Vehicle.Capacity"", ""Transport Vehicle Capacity"")","(TagName=""Buildable.Domain.Transport.Vehicle.Capacity"")"
Buildable.Domain.Transport.Vehicle.Capacity.Small,"NSLOCTEXT(""Buildable_Domain_Transport"", ""Buildable.Domain.Transport.Vehicle.Capacity.Small"", ""Vehicle Capacity Small"")","(TagName=""Buildable.Domain.Transport.Vehicle.Capacity.Small"")"
Buildable.Domain.Transport.Vehicle.Capacity.Small.2,"NSLOCTEXT(""Buildable_Domain_Transport"", ""Buildable.Domain.Transport.Vehicle.Capacity.Small.2"", ""Capacity Small 2"")","(TagName=""Buildable.Domain.Transport.Vehicle.Capacity.Small.2"")"
Buildable.Domain.Transport.Vehicle.Capacity.Small.4,"NSLOCTEXT(""Buildable_Domain_Transport"", ""Buildable.Domain.Transport.Vehicle.Capacity.Small.4"", ""Capacity Small 4"")","(TagName=""Buildable.Domain.Transport.Vehicle.Capacity.Small.4"")"
Buildable.Domain.Transport.Vehicle.Capacity.Medium,"NSLOCTEXT(""Buildable_Domain_Transport"", ""Buildable.Domain.Transport.Vehicle.Capacity.Medium"", ""Vehicle Capacity Medium"")","(TagName=""Buildable.Domain.Transport.Vehicle.Capacity.Medium"")"
Buildable.Domain.Transport.Vehicle.Capacity.Medium.6,"NSLOCTEXT(""Buildable_Domain_Transport"", ""Buildable.Domain.Transport.Vehicle.Capacity.Medium.6"", ""Capacity Medium 6"")","(TagName=""Buildable.Domain.Transport.Vehicle.Capacity.Medium.6"")"
Buildable.Domain.Transport.Vehicle.Capacity.Medium.8,"NSLOCTEXT(""Buildable_Domain_Transport"", ""Buildable.Domain.Transport.Vehicle.Capacity.Medium.8"", ""Capacity Medium 8"")","(TagName=""Buildable.Domain.Transport.Vehicle.Capacity.Medium.8"")"
Buildable.Domain.Transport.Vehicle.Capacity.Large,"NSLOCTEXT(""Buildable_Domain_Transport"", ""Buildable.Domain.Transport.Vehicle.Capacity.Large"", ""Vehicle Capacity Large"")","(TagName=""Buildable.Domain.Transport.Vehicle.Capacity.Large"")"
Buildable.Domain.Transport.Vehicle.Capacity.Large.12,"NSLOCTEXT(""Buildable_Domain_Transport"", ""Buildable.Domain.Transport.Vehicle.Capacity.Large.12"", ""Capacity Large 12"")","(TagName=""Buildable.Domain.Transport.Vehicle.Capacity.Large.12"")"
Buildable.Domain.Transport.Vehicle.Capacity.Large.16,"NSLOCTEXT(""Buildable_Domain_Transport"", ""Buildable.Domain.Transport.Vehicle.Capacity.Large.16"", ""Capacity Large 16"")","(TagName=""Buildable.Domain.Transport.Vehicle.Capacity.Large.16"")"
Buildable.Domain.Transport.Vehicle.Capacity.Large.24,"NSLOCTEXT(""Buildable_Domain_Transport"", ""Buildable.Domain.Transport.Vehicle.Capacity.Large.24"", ""Capacity Large 24"")","(TagName=""Buildable.Domain.Transport.Vehicle.Capacity.Large.24"")"
Buildable.Domain.Transport.Vehicle.Capacity.Large.32,"NSLOCTEXT(""Buildable_Domain_Transport"", ""Buildable.Domain.Transport.Vehicle.Capacity.Large.32"", ""Capacity Large 32"")","(TagName=""Buildable.Domain.Transport.Vehicle.Capacity.Large.32"")"
Buildable.Domain.Transport.Vehicle.Capacity.Large.40,"NSLOCTEXT(""Buildable_Domain_Transport"", ""Buildable.Domain.Transport.Vehicle.Capacity.Large.40"", ""Capacity Large 40"")","(TagName=""Buildable.Domain.Transport.Vehicle.Capacity.Large.40"")"
Buildable.Domain.Transport.Vehicle.DriveSource,"NSLOCTEXT(""Buildable_Domain_Transport"", ""Buildable.Domain.Transport.Vehicle.DriveSource"", ""Transport Vehicle DriveSource"")","(TagName=""Buildable.Domain.Transport.Vehicle.DriveSource"")"
Buildable.Domain.Transport.Vehicle.DriveSource.Cable,"NSLOCTEXT(""Buildable_Domain_Transport"", ""Buildable.Domain.Transport.Vehicle.DriveSource.Cable"", ""Vehicle DriveSource Cable"")","(TagName=""Buildable.Domain.Transport.Vehicle.DriveSource.Cable"")"
Buildable.Domain.Transport.Vehicle.DriveSource.Cable.Loop,"NSLOCTEXT(""Buildable_Domain_Transport"", ""Buildable.Domain.Transport.Vehicle.DriveSource.Cable.Loop"", ""DriveSource Cable Loop"")","(TagName=""Buildable.Domain.Transport.Vehicle.DriveSource.Cable.Loop"")"
Buildable.Domain.Transport.Vehicle.DriveSource.Cable.Loop.Detachable,"NSLOCTEXT(""Buildable_Domain_Transport"", ""Buildable.Domain.Transport.Vehicle.DriveSource.Cable.Loop.Detachable"", ""Cable Loop Detachable"")","(TagName=""Buildable.Domain.Transport.Vehicle.DriveSource.Cable.Loop.Detachable"")"
Buildable.Domain.Transport.Vehicle.DriveSource.Cable.Loop.Fixed,"NSLOCTEXT(""Buildable_Domain_Transport"", ""Buildable.Domain.Transport.Vehicle.DriveSource.Cable.Loop.Fixed"", ""Cable Loop Fixed"")","(TagName=""Buildable.Domain.Transport.Vehicle.DriveSource.Cable.Loop.Fixed"")"
Buildable.Domain.Transport.Vehicle.DriveSource.Cable.Shuttle,"NSLOCTEXT(""Buildable_Domain_Transport"", ""Buildable.Domain.Transport.Vehicle.DriveSource.Cable.Shuttle"", ""DriveSource Cable Shuttle"")","(TagName=""Buildable.Domain.Transport.Vehicle.DriveSource.Cable.Shuttle"")"
Buildable.Domain.Transport.Vehicle.Seating,"NSLOCTEXT(""Buildable_Domain_Transport"", ""Buildable.Domain.Transport.Vehicle.Seating"", ""Transport Vehicle Seating"")","(TagName=""Buildable.Domain.Transport.Vehicle.Seating"")"
Buildable.Domain.Transport.Vehicle.Seating.Wooden,"NSLOCTEXT(""Buildable_Domain_Transport"", ""Buildable.Domain.Transport.Vehicle.Seating.Wooden"", ""Vehicle Seating Wooden"")","(TagName=""Buildable.Domain.Transport.Vehicle.Seating.Wooden"")"
Buildable.Domain.Transport.Vehicle.Seating.Plastic,"NSLOCTEXT(""Buildable_Domain_Transport"", ""Buildable.Domain.Transport.Vehicle.Seating.Plastic"", ""Vehicle Seating Plastic"")","(TagName=""Buildable.Domain.Transport.Vehicle.Seating.Plastic"")"
Buildable.Domain.Transport.Vehicle.Seating.Padded,"NSLOCTEXT(""Buildable_Domain_Transport"", ""Buildable.Domain.Transport.Vehicle.Seating.Padded"", ""Vehicle Seating Padded"")","(TagName=""Buildable.Domain.Transport.Vehicle.Seating.Padded"")"
Buildable.Domain.Transport.Vehicle.Seating.Unwettable,"NSLOCTEXT(""Buildable_Domain_Transport"", ""Buildable.Domain.Transport.Vehicle.Seating.Unwettable"", ""Vehicle Seating Unwettable"")","(TagName=""Buildable.Domain.Transport.Vehicle.Seating.Unwettable"")"
Buildable.Domain.Transport.Station,"NSLOCTEXT(""Buildable_Domain_Transport"", ""Buildable.Domain.Transport.Station"", ""Domain Transport Station"")","(TagName=""Buildable.Domain.Transport.Station"")"
Buildable.Domain.Transport.Station.Alighting,"NSLOCTEXT(""Buildable_Domain_Transport"", ""Buildable.Domain.Transport.Station.Alighting"", ""Transport Station Alighting"")","(TagName=""Buildable.Domain.Transport.Station.Alighting"")"
Buildable.Domain.Transport.Station.Alighting.Indoor,"NSLOCTEXT(""Buildable_Domain_Transport"", ""Buildable.Domain.Transport.Station.Alighting.Indoor"", ""Station Alighting Indoor"")","(TagName=""Buildable.Domain.Transport.Station.Alighting.Indoor"")"
Buildable.Domain.Transport.Station.Alighting.Outdoor,"NSLOCTEXT(""Buildable_Domain_Transport"", ""Buildable.Domain.Transport.Station.Alighting.Outdoor"", ""Station Alighting Outdoor"")","(TagName=""Buildable.Domain.Transport.Station.Alighting.Outdoor"")"
Buildable.Domain.Transport.Station.Boarding,"NSLOCTEXT(""Buildable_Domain_Transport"", ""Buildable.Domain.Transport.Station.Boarding"", ""Transport Station Boarding"")","(TagName=""Buildable.Domain.Transport.Station.Boarding"")"
Buildable.Domain.Transport.Station.Boarding.Indoor,"NSLOCTEXT(""Buildable_Domain_Transport"", ""Buildable.Domain.Transport.Station.Boarding.Indoor"", ""Station Boarding Indoor"")","(TagName=""Buildable.Domain.Transport.Station.Boarding.Indoor"")"
Buildable.Domain.Transport.Station.Boarding.Outdoor,"NSLOCTEXT(""Buildable_Domain_Transport"", ""Buildable.Domain.Transport.Station.Boarding.Outdoor"", ""Station Boarding Outdoor"")","(TagName=""Buildable.Domain.Transport.Station.Boarding.Outdoor"")"
Buildable.Domain.Transport.Station.Boarding.Outdoor.ConveyorBoard,"NSLOCTEXT(""Buildable_Domain_Transport"", ""Buildable.Domain.Transport.Station.Boarding.Outdoor.ConveyorBoard"", ""Boarding Outdoor ConveyorBoard"")","(TagName=""Buildable.Domain.Transport.Station.Boarding.Outdoor.ConveyorBoard"")"
Buildable.Domain.Transport.Station.Boarding.Outdoor.ConveyorIntake,"NSLOCTEXT(""Buildable_Domain_Transport"", ""Buildable.Domain.Transport.Station.Boarding.Outdoor.ConveyorIntake"", ""Boarding Outdoor ConveyorIntake"")","(TagName=""Buildable.Domain.Transport.Station.Boarding.Outdoor.ConveyorIntake"")"
Buildable.Domain.Transport.Station.Boarding.Outdoor.Static,"NSLOCTEXT(""Buildable_Domain_Transport"", ""Buildable.Domain.Transport.Station.Boarding.Outdoor.Static"", ""Boarding Outdoor Static"")","(TagName=""Buildable.Domain.Transport.Station.Boarding.Outdoor.Static"")"
Buildable.Domain.Transport.Station.Cableguide,"NSLOCTEXT(""Buildable_Domain_Transport"", ""Buildable.Domain.Transport.Station.Cableguide"", ""Transport Station Cableguide"")","(TagName=""Buildable.Domain.Transport.Station.Cableguide"")"
Buildable.Domain.Transport.Station.Bullwheel,"NSLOCTEXT(""Buildable_Domain_Transport"", ""Buildable.Domain.Transport.Station.Bullwheel"", ""Transport Station Bullwheel"")","(TagName=""Buildable.Domain.Transport.Station.Bullwheel"")"
Buildable.Domain.Transport.Station.Bullwheel.Small,"NSLOCTEXT(""Buildable_Domain_Transport"", ""Buildable.Domain.Transport.Station.Bullwheel.Small"", ""Station Bullwheel Small"")","(TagName=""Buildable.Domain.Transport.Station.Bullwheel.Small"")"
Buildable.Domain.Transport.Station.Bullwheel.Medium,"NSLOCTEXT(""Buildable_Domain_Transport"", ""Buildable.Domain.Transport.Station.Bullwheel.Medium"", ""Station Bullwheel Medium"")","(TagName=""Buildable.Domain.Transport.Station.Bullwheel.Medium"")"
Buildable.Domain.Transport.Station.Bullwheel.Large,"NSLOCTEXT(""Buildable_Domain_Transport"", ""Buildable.Domain.Transport.Station.Bullwheel.Large"", ""Station Bullwheel Large"")","(TagName=""Buildable.Domain.Transport.Station.Bullwheel.Large"")"
Buildable.Domain.Transport.Route,"NSLOCTEXT(""Buildable_Domain_Transport"", ""Buildable.Domain.Transport.Route"", ""Domain Transport Route"")","(TagName=""Buildable.Domain.Transport.Route"")"
Buildable.Domain.Transport.Route.Surface,"NSLOCTEXT(""Buildable_Domain_Transport"", ""Buildable.Domain.Transport.Route.Surface"", ""Transport Route Surface"")","(TagName=""Buildable.Domain.Transport.Route.Surface"")"
Buildable.Domain.Transport.Route.Surface.Rail,"NSLOCTEXT(""Buildable_Domain_Transport"", ""Buildable.Domain.Transport.Route.Surface.Rail"", ""Route Surface Rail"")","(TagName=""Buildable.Domain.Transport.Route.Surface.Rail"")"
Buildable.Domain.Transport.Route.Surface.Road,"NSLOCTEXT(""Buildable_Domain_Transport"", ""Buildable.Domain.Transport.Route.Surface.Road"", ""Route Surface Road"")","(TagName=""Buildable.Domain.Transport.Route.Surface.Road"")"
Buildable.Domain.Transport.Route.Surface.Piste,"NSLOCTEXT(""Buildable_Domain_Transport"", ""Buildable.Domain.Transport.Route.Surface.Piste"", ""Route Surface Piste"")","(TagName=""Buildable.Domain.Transport.Route.Surface.Piste"")"
Buildable.Domain.Transport.Route.Surface.Piste.Downhill,"NSLOCTEXT(""Buildable_Domain_Transport"", ""Buildable.Domain.Transport.Route.Surface.Piste.Downhill"", ""Surface Piste Downhill"")","(TagName=""Buildable.Domain.Transport.Route.Surface.Piste.Downhill"")"
Buildable.Domain.Transport.Route.Surface.Piste.Uphill,"NSLOCTEXT(""Buildable_Domain_Transport"", ""Buildable.Domain.Transport.Route.Surface.Piste.Uphill"", ""Surface Piste Uphill"")","(TagName=""Buildable.Domain.Transport.Route.Surface.Piste.Uphill"")"
Buildable.Domain.Transport.Route.Aerial,"NSLOCTEXT(""Buildable_Domain_Transport"", ""Buildable.Domain.Transport.Route.Aerial"", ""Transport Route Aerial"")","(TagName=""Buildable.Domain.Transport.Route.Aerial"")"
Buildable.Domain.Transport.Route.Aerial.Cable,"NSLOCTEXT(""Buildable_Domain_Transport"", ""Buildable.Domain.Transport.Route.Aerial.Cable"", ""Route Aerial Cable"")","(TagName=""Buildable.Domain.Transport.Route.Aerial.Cable"")"
Buildable.Domain.Transport.Route.Aerial.Cable.Shuttle,"NSLOCTEXT(""Buildable_Domain_Transport"", ""Buildable.Domain.Transport.Route.Aerial.Cable.Shuttle"", ""Aerial Cable Shuttle"")","(TagName=""Buildable.Domain.Transport.Route.Aerial.Cable.Shuttle"")"
Buildable.Domain.Transport.Route.Aerial.Cable.Loop,"NSLOCTEXT(""Buildable_Domain_Transport"", ""Buildable.Domain.Transport.Route.Aerial.Cable.Loop"", ""Aerial Cable Loop"")","(TagName=""Buildable.Domain.Transport.Route.Aerial.Cable.Loop"")"
Buildable.Domain.Transport.Route.Aerial.Aeroplane,"NSLOCTEXT(""Buildable_Domain_Transport"", ""Buildable.Domain.Transport.Route.Aerial.Aeroplane"", ""Route Aerial Aeroplane"")","(TagName=""Buildable.Domain.Transport.Route.Aerial.Aeroplane"")"
Buildable.Domain.Transport.TrafficFlow,"NSLOCTEXT(""Buildable_Domain_Transport"", ""Buildable.Domain.Transport.TrafficFlow"", ""Domain Transport TrafficFlow"")","(TagName=""Buildable.Domain.Transport.TrafficFlow"")"
Buildable.Domain.Transport.TrafficFlow.OneWay,"NSLOCTEXT(""Buildable_Domain_Transport"", ""Buildable.Domain.Transport.TrafficFlow.OneWay"", ""Transport TrafficFlow OneWay"")","(TagName=""Buildable.Domain.Transport.TrafficFlow.OneWay"")"
Buildable.Domain.Transport.TrafficFlow.BothWays,"NSLOCTEXT(""Buildable_Domain_Transport"", ""Buildable.Domain.Transport.TrafficFlow.BothWays"", ""Transport TrafficFlow BothWays"")","(TagName=""Buildable.Domain.Transport.TrafficFlow.BothWays"")"
Buildable.Domain.Accommodation,"NSLOCTEXT(""Buildable_Domain"", ""Buildable.Domain.Accommodation"", ""Buildable Domain Accommodation"")","(TagName=""Buildable.Domain.Accommodation"")"
Buildable.Domain.Accommodation.Privacy,"NSLOCTEXT(""Buildable_Domain_Accommodation"", ""Buildable.Domain.Accommodation.Privacy"", ""Domain Accommodation Privacy"")","(TagName=""Buildable.Domain.Accommodation.Privacy"")"
Buildable.Domain.Accommodation.Space,"NSLOCTEXT(""Buildable_Domain_Accommodation"", ""Buildable.Domain.Accommodation.Space"", ""Domain Accommodation Space"")","(TagName=""Buildable.Domain.Accommodation.Space"")"
Buildable.Domain.Accommodation.Autonomy,"NSLOCTEXT(""Buildable_Domain_Accommodation"", ""Buildable.Domain.Accommodation.Autonomy"", ""Domain Accommodation Autonomy"")","(TagName=""Buildable.Domain.Accommodation.Autonomy"")"
Buildable.Domain.Accommodation.Quietness,"NSLOCTEXT(""Buildable_Domain_Accommodation"", ""Buildable.Domain.Accommodation.Quietness"", ""Domain Accommodation Quietness"")","(TagName=""Buildable.Domain.Accommodation.Quietness"")"
Buildable.Domain.Accommodation.Capacity,"NSLOCTEXT(""Buildable_Domain_Accommodation"", ""Buildable.Domain.Accommodation.Capacity"", ""Domain Accommodation Capacity"")","(TagName=""Buildable.Domain.Accommodation.Capacity"")"
Buildable.Domain.Trade,"NSLOCTEXT(""Buildable_Domain"", ""Buildable.Domain.Trade"", ""Buildable Domain Trade"")","(TagName=""Buildable.Domain.Trade"")"
Buildable.Domain.Trade.Apparel,"NSLOCTEXT(""Buildable_Domain_Trade"", ""Buildable.Domain.Trade.Apparel"", ""Domain Trade Apparel"")","(TagName=""Buildable.Domain.Trade.Apparel"")"
Buildable.Domain.Trade.Apparel.LightAdaptiveGoggles,"NSLOCTEXT(""Buildable_Domain_Trade"", ""Buildable.Domain.Trade.Apparel.LightAdaptiveGoggles"", ""Trade Apparel LightAdaptiveGoggles"")","(TagName=""Buildable.Domain.Trade.Apparel.LightAdaptiveGoggles"")"
Buildable.Domain.Trade.Apparel.AntiMistGoggles,"NSLOCTEXT(""Buildable_Domain_Trade"", ""Buildable.Domain.Trade.Apparel.AntiMistGoggles"", ""Trade Apparel AntiMistGoggles"")","(TagName=""Buildable.Domain.Trade.Apparel.AntiMistGoggles"")"
Buildable.Domain.Trade.Apparel.SkiHelmets,"NSLOCTEXT(""Buildable_Domain_Trade"", ""Buildable.Domain.Trade.Apparel.SkiHelmets"", ""Trade Apparel SkiHelmets"")","(TagName=""Buildable.Domain.Trade.Apparel.SkiHelmets"")"
Buildable.Domain.Service,"NSLOCTEXT(""Buildable_Domain"", ""Buildable.Domain.Service"", ""Buildable Domain Service"")","(TagName=""Buildable.Domain.Service"")"
Buildable.Domain.Utility,"NSLOCTEXT(""Buildable_Domain"", ""Buildable.Domain.Utility"", ""Buildable Domain Utility"")","(TagName=""Buildable.Domain.Utility"")"
Buildable.Domain.Utility.Warmth,"NSLOCTEXT(""Buildable_Domain_Utility"", ""Buildable.Domain.Utility.Warmth"", ""Domain Utility Warmth"")","(TagName=""Buildable.Domain.Utility.Warmth"")"
Buildable.Domain.Utility.Safety,"NSLOCTEXT(""Buildable_Domain_Utility"", ""Buildable.Domain.Utility.Safety"", ""Domain Utility Safety"")","(TagName=""Buildable.Domain.Utility.Safety"")"
Buildable.Domain.Utility.Convenience,"NSLOCTEXT(""Buildable_Domain_Utility"", ""Buildable.Domain.Utility.Convenience"", ""Domain Utility Convenience"")","(TagName=""Buildable.Domain.Utility.Convenience"")"
Buildable.Domain.Utility.Style,"NSLOCTEXT(""Buildable_Domain_Utility"", ""Buildable.Domain.Utility.Style"", ""Domain Utility Style"")","(TagName=""Buildable.Domain.Utility.Style"")"
Buildable.Domain.Utility.Comfort,"NSLOCTEXT(""Buildable_Domain_Utility"", ""Buildable.Domain.Utility.Comfort"", ""Domain Utility Comfort"")","(TagName=""Buildable.Domain.Utility.Comfort"")"
Buildable.Domain.Amenity,"NSLOCTEXT(""Buildable_Domain"", ""Buildable.Domain.Amenity"", ""Buildable Domain Amenity"")","(TagName=""Buildable.Domain.Amenity"")"
Buildable.Domain.Amenity.Recreation,"NSLOCTEXT(""Buildable_Domain_Amenity"", ""Buildable.Domain.Amenity.Recreation"", ""Domain Amenity Recreation"")","(TagName=""Buildable.Domain.Amenity.Recreation"")"
Buildable.Domain.Amenity.Recreation.Skiing,"NSLOCTEXT(""Buildable_Domain_Amenity"", ""Buildable.Domain.Amenity.Recreation.Skiing"", ""Amenity Recreation Skiing"")","(TagName=""Buildable.Domain.Amenity.Recreation.Skiing"")"
Buildable.Domain.Amenity.Recreation.Skiing.BeginnerPistes,"NSLOCTEXT(""Buildable_Domain_Amenity"", ""Buildable.Domain.Amenity.Recreation.Skiing.BeginnerPistes"", ""Recreation Skiing BeginnerPistes"")","(TagName=""Buildable.Domain.Amenity.Recreation.Skiing.BeginnerPistes"")"
Buildable.Domain.Amenity.Recreation.Skiing.IntermediatePistes,"NSLOCTEXT(""Buildable_Domain_Amenity"", ""Buildable.Domain.Amenity.Recreation.Skiing.IntermediatePistes"", ""Recreation Skiing IntermediatePistes"")","(TagName=""Buildable.Domain.Amenity.Recreation.Skiing.IntermediatePistes"")"
Buildable.Domain.Amenity.Recreation.Skiing.AdvancedPistes,"NSLOCTEXT(""Buildable_Domain_Amenity"", ""Buildable.Domain.Amenity.Recreation.Skiing.AdvancedPistes"", ""Recreation Skiing AdvancedPistes"")","(TagName=""Buildable.Domain.Amenity.Recreation.Skiing.AdvancedPistes"")"
Buildable.Domain.Amenity.Recreation.Skiing.ExpertPistes,"NSLOCTEXT(""Buildable_Domain_Amenity"", ""Buildable.Domain.Amenity.Recreation.Skiing.ExpertPistes"", ""Recreation Skiing ExpertPistes"")","(TagName=""Buildable.Domain.Amenity.Recreation.Skiing.ExpertPistes"")"
Buildable.Domain.Amenity.Recreation.LiveMusic,"NSLOCTEXT(""Buildable_Domain_Amenity"", ""Buildable.Domain.Amenity.Recreation.LiveMusic"", ""Amenity Recreation LiveMusic"")","(TagName=""Buildable.Domain.Amenity.Recreation.LiveMusic"")"
Buildable.Domain.Amenity.Recreation.Swimming,"NSLOCTEXT(""Buildable_Domain_Amenity"", ""Buildable.Domain.Amenity.Recreation.Swimming"", ""Amenity Recreation Swimming"")","(TagName=""Buildable.Domain.Amenity.Recreation.Swimming"")"
Buildable.Domain.Amenity.Recreation.IceSkating,"NSLOCTEXT(""Buildable_Domain_Amenity"", ""Buildable.Domain.Amenity.Recreation.IceSkating"", ""Amenity Recreation IceSkating"")","(TagName=""Buildable.Domain.Amenity.Recreation.IceSkating"")"
Buildable.Domain.Amenity.Recreation.Tobogganing,"NSLOCTEXT(""Buildable_Domain_Amenity"", ""Buildable.Domain.Amenity.Recreation.Tobogganing"", ""Amenity Recreation Tobogganing"")","(TagName=""Buildable.Domain.Amenity.Recreation.Tobogganing"")"
Buildable.Domain.Amenity.Comestibles,"NSLOCTEXT(""Buildable_Domain_Amenity"", ""Buildable.Domain.Amenity.Comestibles"", ""Domain Amenity Comestibles"")","(TagName=""Buildable.Domain.Amenity.Comestibles"")"
Buildable.Domain.Amenity.Comestibles.DineInFood,"NSLOCTEXT(""Buildable_Domain_Amenity"", ""Buildable.Domain.Amenity.Comestibles.DineInFood"", ""Amenity Comestibles DineInFood"")","(TagName=""Buildable.Domain.Amenity.Comestibles.DineInFood"")"
Buildable.Domain.Amenity.Comestibles.TakeawayFood,"NSLOCTEXT(""Buildable_Domain_Amenity"", ""Buildable.Domain.Amenity.Comestibles.TakeawayFood"", ""Amenity Comestibles TakeawayFood"")","(TagName=""Buildable.Domain.Amenity.Comestibles.TakeawayFood"")"
Buildable.Domain.Amenity.Comestibles.Bar,"NSLOCTEXT(""Buildable_Domain_Amenity"", ""Buildable.Domain.Amenity.Comestibles.Bar"", ""Amenity Comestibles Bar"")","(TagName=""Buildable.Domain.Amenity.Comestibles.Bar"")"
Buildable.Domain.Amenity.Comestibles.Cafe,"NSLOCTEXT(""Buildable_Domain_Amenity"", ""Buildable.Domain.Amenity.Comestibles.Cafe"", ""Amenity Comestibles Cafe"")","(TagName=""Buildable.Domain.Amenity.Comestibles.Cafe"")"
Buildable.Status,"NSLOCTEXT(""Buildable"", ""Buildable.Status"", ""Buildable Status"")","(TagName=""Buildable.Status"")"
Buildable.Status.Open,"NSLOCTEXT(""Buildable_Status"", ""Buildable.Status.Open"", ""Buildable Status Open"")","(TagName=""Buildable.Status.Open"")"
Buildable.Status.Closed,"NSLOCTEXT(""Buildable_Status"", ""Buildable.Status.Closed"", ""Buildable Status Closed"")","(TagName=""Buildable.Status.Closed"")"
Technology,"NSLOCTEXT(""Technology"", ""Technology"", ""Technology"")","(TagName=""Technology"")"
Technology.SubstantiveInnovation,"NSLOCTEXT(""Technology"", ""Technology.SubstantiveInnovation"", ""Technology SubstantiveInnovation"")","(TagName=""Technology.SubstantiveInnovation"")"
Technology.SubstantiveInnovation.MaterialScience,"NSLOCTEXT(""Technology_SubstantiveInnovation"", ""Technology.SubstantiveInnovation.MaterialScience"", ""Technology SubstantiveInnovation MaterialScience"")","(TagName=""Technology.SubstantiveInnovation.MaterialScience"")"
Technology.SubstantiveInnovation.MaterialScience.NaturalMaterials,"NSLOCTEXT(""Technology_SubstantiveInnovation_MaterialScience"", ""Technology.SubstantiveInnovation.MaterialScience.NaturalMaterials"", ""SubstantiveInnovation MaterialScience NaturalMaterials"")","(TagName=""Technology.SubstantiveInnovation.MaterialScience.NaturalMaterials"")"
Technology.SubstantiveInnovation.MaterialScience.NaturalMaterials.Wood,"NSLOCTEXT(""Technology_SubstantiveInnovation_MaterialScience"", ""Technology.SubstantiveInnovation.MaterialScience.NaturalMaterials.Wood"", ""MaterialScience NaturalMaterials Wood"")","(TagName=""Technology.SubstantiveInnovation.MaterialScience.NaturalMaterials.Wood"")"
Technology.SubstantiveInnovation.MaterialScience.NaturalMaterials.Cotton,"NSLOCTEXT(""Technology_SubstantiveInnovation_MaterialScience"", ""Technology.SubstantiveInnovation.MaterialScience.NaturalMaterials.Cotton"", ""MaterialScience NaturalMaterials Cotton"")","(TagName=""Technology.SubstantiveInnovation.MaterialScience.NaturalMaterials.Cotton"")"
Technology.SubstantiveInnovation.MaterialScience.Metallurgy,"NSLOCTEXT(""Technology_SubstantiveInnovation_MaterialScience"", ""Technology.SubstantiveInnovation.MaterialScience.Metallurgy"", ""SubstantiveInnovation MaterialScience Metallurgy"")","(TagName=""Technology.SubstantiveInnovation.MaterialScience.Metallurgy"")"
Technology.SubstantiveInnovation.MaterialScience.Metallurgy.Steel,"NSLOCTEXT(""Technology_SubstantiveInnovation_MaterialScience"", ""Technology.SubstantiveInnovation.MaterialScience.Metallurgy.Steel"", ""MaterialScience Metallurgy Steel"")","(TagName=""Technology.SubstantiveInnovation.MaterialScience.Metallurgy.Steel"")"
Technology.SubstantiveInnovation.MaterialScience.Metallurgy.Aluminium,"NSLOCTEXT(""Technology_SubstantiveInnovation_MaterialScience"", ""Technology.SubstantiveInnovation.MaterialScience.Metallurgy.Aluminium"", ""MaterialScience Metallurgy Aluminium"")","(TagName=""Technology.SubstantiveInnovation.MaterialScience.Metallurgy.Aluminium"")"
Technology.SubstantiveInnovation.MaterialScience.Metallurgy.Titanium,"NSLOCTEXT(""Technology_SubstantiveInnovation_MaterialScience"", ""Technology.SubstantiveInnovation.MaterialScience.Metallurgy.Titanium"", ""MaterialScience Metallurgy Titanium"")","(TagName=""Technology.SubstantiveInnovation.MaterialScience.Metallurgy.Titanium"")"
Technology.SubstantiveInnovation.MaterialScience.Plastics,"NSLOCTEXT(""Technology_SubstantiveInnovation_MaterialScience"", ""Technology.SubstantiveInnovation.MaterialScience.Plastics"", ""SubstantiveInnovation MaterialScience Plastics"")","(TagName=""Technology.SubstantiveInnovation.MaterialScience.Plastics"")"
Technology.SubstantiveInnovation.MaterialScience.Plastics.ThermalStability,"NSLOCTEXT(""Technology_SubstantiveInnovation_MaterialScience"", ""Technology.SubstantiveInnovation.MaterialScience.Plastics.ThermalStability"", ""MaterialScience Plastics ThermalStability"")","(TagName=""Technology.SubstantiveInnovation.MaterialScience.Plastics.ThermalStability"")"
Technology.SubstantiveInnovation.MaterialScience.Plastics.ThermalStability.LowTemperaturePlasticity,"NSLOCTEXT(""Technology_SubstantiveInnovation_MaterialScience"", ""Technology.SubstantiveInnovation.MaterialScience.Plastics.ThermalStability.LowTemperaturePlasticity"", ""Plastics ThermalStability LowTemperaturePlasticity"")","(TagName=""Technology.SubstantiveInnovation.MaterialScience.Plastics.ThermalStability.LowTemperaturePlasticity"")"
Technology.SubstantiveInnovation.MaterialScience.Plastics.ThermalStability.LowTemperatureElasticity,"NSLOCTEXT(""Technology_SubstantiveInnovation_MaterialScience"", ""Technology.SubstantiveInnovation.MaterialScience.Plastics.ThermalStability.LowTemperatureElasticity"", ""Plastics ThermalStability LowTemperatureElasticity"")","(TagName=""Technology.SubstantiveInnovation.MaterialScience.Plastics.ThermalStability.LowTemperatureElasticity"")"
Technology.SubstantiveInnovation.MaterialScience.Plastics.ThermalStability.MemoryFoam,"NSLOCTEXT(""Technology_SubstantiveInnovation_MaterialScience"", ""Technology.SubstantiveInnovation.MaterialScience.Plastics.ThermalStability.MemoryFoam"", ""Plastics ThermalStability MemoryFoam"")","(TagName=""Technology.SubstantiveInnovation.MaterialScience.Plastics.ThermalStability.MemoryFoam"")"
Technology.SubstantiveInnovation.MaterialScience.Plastics.SyntheticTextiles,"NSLOCTEXT(""Technology_SubstantiveInnovation_MaterialScience"", ""Technology.SubstantiveInnovation.MaterialScience.Plastics.SyntheticTextiles"", ""MaterialScience Plastics SyntheticTextiles"")","(TagName=""Technology.SubstantiveInnovation.MaterialScience.Plastics.SyntheticTextiles"")"
Technology.SubstantiveInnovation.MaterialScience.Plastics.SyntheticTextiles.WaterproofFabrics,"NSLOCTEXT(""Technology_SubstantiveInnovation_MaterialScience"", ""Technology.SubstantiveInnovation.MaterialScience.Plastics.SyntheticTextiles.WaterproofFabrics"", ""Plastics SyntheticTextiles WaterproofFabrics"")","(TagName=""Technology.SubstantiveInnovation.MaterialScience.Plastics.SyntheticTextiles.WaterproofFabrics"")"
Technology.SubstantiveInnovation.MaterialScience.Plastics.SyntheticTextiles.BreathableFabrics,"NSLOCTEXT(""Technology_SubstantiveInnovation_MaterialScience"", ""Technology.SubstantiveInnovation.MaterialScience.Plastics.SyntheticTextiles.BreathableFabrics"", ""Plastics SyntheticTextiles BreathableFabrics"")","(TagName=""Technology.SubstantiveInnovation.MaterialScience.Plastics.SyntheticTextiles.BreathableFabrics"")"
Technology.SubstantiveInnovation.MaterialScience.Plastics.OpticalPolymers,"NSLOCTEXT(""Technology_SubstantiveInnovation_MaterialScience"", ""Technology.SubstantiveInnovation.MaterialScience.Plastics.OpticalPolymers"", ""MaterialScience Plastics OpticalPolymers"")","(TagName=""Technology.SubstantiveInnovation.MaterialScience.Plastics.OpticalPolymers"")"
Technology.SubstantiveInnovation.MaterialScience.Plastics.OpticalPolymers.TranslucentPolymers,"NSLOCTEXT(""Technology_SubstantiveInnovation_MaterialScience"", ""Technology.SubstantiveInnovation.MaterialScience.Plastics.OpticalPolymers.TranslucentPolymers"", ""Plastics OpticalPolymers TranslucentPolymers"")","(TagName=""Technology.SubstantiveInnovation.MaterialScience.Plastics.OpticalPolymers.TranslucentPolymers"")"
Technology.SubstantiveInnovation.MaterialScience.Plastics.OpticalPolymers.PolarizingTranslucency,"NSLOCTEXT(""Technology_SubstantiveInnovation_MaterialScience"", ""Technology.SubstantiveInnovation.MaterialScience.Plastics.OpticalPolymers.PolarizingTranslucency"", ""Plastics OpticalPolymers PolarizingTranslucency"")","(TagName=""Technology.SubstantiveInnovation.MaterialScience.Plastics.OpticalPolymers.PolarizingTranslucency"")"
Technology.SubstantiveInnovation.MaterialScience.Plastics.OpticalPolymers.ReactiveTranslucency,"NSLOCTEXT(""Technology_SubstantiveInnovation_MaterialScience"", ""Technology.SubstantiveInnovation.MaterialScience.Plastics.OpticalPolymers.ReactiveTranslucency"", ""Plastics OpticalPolymers ReactiveTranslucency"")","(TagName=""Technology.SubstantiveInnovation.MaterialScience.Plastics.OpticalPolymers.ReactiveTranslucency"")"
Technology.SubstantiveInnovation.MaterialScience.AdvancedComposites,"NSLOCTEXT(""Technology_SubstantiveInnovation_MaterialScience"", ""Technology.SubstantiveInnovation.MaterialScience.AdvancedComposites"", ""SubstantiveInnovation MaterialScience AdvancedComposites"")","(TagName=""Technology.SubstantiveInnovation.MaterialScience.AdvancedComposites"")"
Technology.SubstantiveInnovation.MaterialScience.AdvancedComposites.Carbonfibre,"NSLOCTEXT(""Technology_SubstantiveInnovation_MaterialScience"", ""Technology.SubstantiveInnovation.MaterialScience.AdvancedComposites.Carbonfibre"", ""MaterialScience AdvancedComposites Carbonfibre"")","(TagName=""Technology.SubstantiveInnovation.MaterialScience.AdvancedComposites.Carbonfibre"")"
Technology.SubstantiveInnovation.MaterialScience.AdvancedComposites.ExoticLaminates,"NSLOCTEXT(""Technology_SubstantiveInnovation_MaterialScience"", ""Technology.SubstantiveInnovation.MaterialScience.AdvancedComposites.ExoticLaminates"", ""MaterialScience AdvancedComposites ExoticLaminates"")","(TagName=""Technology.SubstantiveInnovation.MaterialScience.AdvancedComposites.ExoticLaminates"")"
Technology.SubstantiveInnovation.TechnicalSolutions,"NSLOCTEXT(""Technology_SubstantiveInnovation"", ""Technology.SubstantiveInnovation.TechnicalSolutions"", ""Technology SubstantiveInnovation TechnicalSolutions"")","(TagName=""Technology.SubstantiveInnovation.TechnicalSolutions"")"
Technology.SubstantiveInnovation.TechnicalSolutions.DetachableCableMount,"NSLOCTEXT(""Technology_SubstantiveInnovation_TechnicalSolutions"", ""Technology.SubstantiveInnovation.TechnicalSolutions.DetachableCableMount"", ""SubstantiveInnovation TechnicalSolutions DetachableCableMount"")","(TagName=""Technology.SubstantiveInnovation.TechnicalSolutions.DetachableCableMount"")"
Technology.SubstantiveInnovation.TechnicalSolutions.GatedBoarding,"NSLOCTEXT(""Technology_SubstantiveInnovation_TechnicalSolutions"", ""Technology.SubstantiveInnovation.TechnicalSolutions.GatedBoarding"", ""SubstantiveInnovation TechnicalSolutions GatedBoarding"")","(TagName=""Technology.SubstantiveInnovation.TechnicalSolutions.GatedBoarding"")"
Technology.SubstantiveInnovation.TechnicalSolutions.Apparel,"NSLOCTEXT(""Technology_SubstantiveInnovation_TechnicalSolutions"", ""Technology.SubstantiveInnovation.TechnicalSolutions.Apparel"", ""SubstantiveInnovation TechnicalSolutions Apparel"")","(TagName=""Technology.SubstantiveInnovation.TechnicalSolutions.Apparel"")"
Technology.SubstantiveInnovation.TechnicalSolutions.Apparel.OnBootSnowboardBindings,"NSLOCTEXT(""Technology_SubstantiveInnovation_TechnicalSolutions"", ""Technology.SubstantiveInnovation.TechnicalSolutions.Apparel.OnBootSnowboardBindings"", ""TechnicalSolutions Apparel OnBootSnowboardBindings"")","(TagName=""Technology.SubstantiveInnovation.TechnicalSolutions.Apparel.OnBootSnowboardBindings"")"
Technology.SubstantiveInnovation.TechnicalSolutions.Apparel.QuickReleaseSkiBindings,"NSLOCTEXT(""Technology_SubstantiveInnovation_TechnicalSolutions"", ""Technology.SubstantiveInnovation.TechnicalSolutions.Apparel.QuickReleaseSkiBindings"", ""TechnicalSolutions Apparel QuickReleaseSkiBindings"")","(TagName=""Technology.SubstantiveInnovation.TechnicalSolutions.Apparel.QuickReleaseSkiBindings"")"
Technology.ContinuousImprovement,"NSLOCTEXT(""Technology"", ""Technology.ContinuousImprovement"", ""Technology ContinuousImprovement"")","(TagName=""Technology.ContinuousImprovement"")"
Technology.ContinuousImprovement.UnitCost,"NSLOCTEXT(""Technology_ContinuousImprovement"", ""Technology.ContinuousImprovement.UnitCost"", ""Technology ContinuousImprovement UnitCost"")","(TagName=""Technology.ContinuousImprovement.UnitCost"")"
Technology.ContinuousImprovement.UnitWeight,"NSLOCTEXT(""Technology_ContinuousImprovement"", ""Technology.ContinuousImprovement.UnitWeight"", ""Technology ContinuousImprovement UnitWeight"")","(TagName=""Technology.ContinuousImprovement.UnitWeight"")"
Technology.ContinuousImprovement.BuildTime,"NSLOCTEXT(""Technology_ContinuousImprovement"", ""Technology.ContinuousImprovement.BuildTime"", ""Technology ContinuousImprovement BuildTime"")","(TagName=""Technology.ContinuousImprovement.BuildTime"")"
Technology.ContinuousImprovement.AttritionRate,"NSLOCTEXT(""Technology_ContinuousImprovement"", ""Technology.ContinuousImprovement.AttritionRate"", ""Technology ContinuousImprovement AttritionRate"")","(TagName=""Technology.ContinuousImprovement.AttritionRate"")"
Technology.ContinuousImprovement.LoadBearingCapacity,"NSLOCTEXT(""Technology_ContinuousImprovement"", ""Technology.ContinuousImprovement.LoadBearingCapacity"", ""Technology ContinuousImprovement LoadBearingCapacity"")","(TagName=""Technology.ContinuousImprovement.LoadBearingCapacity"")"
Technology.ContinuousImprovement.CruisingVelocity,"NSLOCTEXT(""Technology_ContinuousImprovement"", ""Technology.ContinuousImprovement.CruisingVelocity"", ""Technology ContinuousImprovement CruisingVelocity"")","(TagName=""Technology.ContinuousImprovement.CruisingVelocity"")"
